id,marca,nome,linha,versao,concentracao,volume_ml,genero,tipo_produto,titulo_site,sku,ean,imagens,confianca_identificacao,fonte_validacao,duplicata_de,observacoes
lattafa-asad-elixir-edp,Lattafa,Asad,,Elixir,Eau de Parfum,100,Masculino,Perfume,Lattafa Asad Elixir Eau de Parfum - Perfume Masculino 100ml,,,WhatsApp Image 2026-06-16 at 13.46.39.jpeg,alta,https://www.fragrantica.com/perfume/Lattafa-Perfumes/Asad-Elixir-117616.html; https://www.lattafa-usa.com/products/asad-elixir,,
lattafa-asad-edp,Lattafa,Asad,,,Eau de Parfum,100,Masculino,Perfume,Lattafa Asad Eau de Parfum - Perfume Masculino 100ml,,,WhatsApp Image 2026-06-16 at 13.46.40.jpeg,alta,https://www.fragrantica.com/perfume/Lattafa-Perfumes/Asad-72821.html; https://www.lattafa-usa.com/products/asad,,
armaf-club-de-nuit-iconic-edp-105ml,Armaf,Club de Nuit,,Iconic,Eau de Parfum,105,Masculino,Perfume,Armaf Club de Nuit Iconic Eau de Parfum - Perfume Masculino 105ml,,,WhatsApp Image 2026-06-16 at 13.46.41 (1).jpeg,alta,https://armafperfume.com/products/armaf-club-de-nuit-iconic-edp-105ml; https://www.fragrantica.com/perfume/Armaf/Club-de-Nuit-Iconic-Extrait-de-Parfum-126952.html; https://www.parfumo.com/Perfumes/Armaf/club-de-nuit-iconic,,
armaf-club-de-nuit-intense-man-edt-105ml,Armaf,Club de Nuit,,Intense Man,Eau de Toilette,105,Masculino,Perfume,Armaf Club de Nuit Intense Man Eau de Toilette - Perfume Masculino 105ml,,,WhatsApp Image 2026-06-16 at 13.46.41 (2).jpeg,alta,https://armaf.uk/products/club-de-nuit-intense-man-eau-de-toilette-105ml; https://armafperfume.com/products/armaf-club-de-nuit-intense-eau-de-toilette-for-man-105ml; https://www.fragrantica.com/perfume/Armaf/Club-de-Nuit-Intense-Man-34696.html,,
armaf-club-de-nuit-imperiale-edp-105ml,Armaf,Club de Nuit,,Imperiale,Eau de Parfum,105,,Perfume,Armaf Club de Nuit Imperiale Eau de Parfum - Perfume 105ml,,,WhatsApp Image 2026-06-16 at 13.46.41.jpeg,alta,https://armaf.com/products/armaf-club-de-nuit-white-imperial-buy-original-perfumes-online-uae; https://www.amazon.com/ARMAF-Imperiale-Women-Parfum-Spray/dp/B0BQZ7PDMB; https://www.fragrantica.com/perfume/Armaf/Club-de-Nuit-White-Imperiale-78474.html,,
fragrance-world-monte-leone-legende-edp-100ml,Fragrance World,Monte Leone Legende,,,Eau de Parfum,100,,Perfume,Fragrance World Monte Leone Legende Eau de Parfum - Perfume 100ml,,,WhatsApp Image 2026-06-16 at 13.46.42 (1).jpeg,alta,FilledWithBarakah; Fragrantica; emiratesoud.co.uk; https://www.fragrantica.com/perfume/Fragrance-World/Monte-Leone-Legende-110789.html,,"marca na frente = MONTE LEONE, fabricante nao visivel"
grandeur-my-life-edp-100ml,Grandeur,My Life,,,Eau de Parfum,100,Feminino,Perfume,Grandeur My Life Eau de Parfum - Perfume Feminino 100ml,,,WhatsApp Image 2026-06-16 at 13.46.42.jpeg,alta,https://www.ferwer.com/grandeur-my-life-eau-de-parfum-for-women; https://www.mercadolivre.com.br/blog/reviews/grandeur-my-life-edp-feminino; https://www.talijuperfumaria.com/produtos/perfume-arabe-grandeur-my-life-eau-de-parfum-100ml/,,
maison-alhambra-salvo-edp-100ml,Maison Alhambra,Salvo,,,Eau de Parfum,100,,Perfume,Maison Alhambra Salvo Eau de Parfum - Perfume 100ml,,,WhatsApp Image 2026-06-16 at 13.46.43.jpeg,alta,https://fragrance-dupes.com/catalogue/maison-alhambra-salvo-edp-100ml-dupe-for-christian-dior-sauvage/; https://www.fragrantica.com/perfume/Maison-Alhambra/Salvo-93538.html; kaory.com.br; mcheiro.com.br,,marca nao visivel na face frontal
dar-el-ward-ayman-edp-100ml,Dar El Ward,Ayman,,,Eau de Parfum,100,Masculino,Perfume,Dar El Ward Ayman Eau de Parfum - Perfume Masculino 100ml,,,WhatsApp Image 2026-06-16 at 13.46.44.jpeg,alta,https://compras.macedonia.com.py/producto/dar-el-ward-ayman-100ml-eau-de-parfum/; https://lapetisquera.com.py/tienda/perfumeria/perfume-dar-el-ward-ayman-edp-100ml-masculino/; https://pcdesignperfumes.com/product/ayman-unisex/,,
grandeur-la-vie-femme-edp-100ml,Grandeur,La Vie Femme,,,Eau de Parfum,100,Feminino,Perfume,Grandeur La Vie Femme Eau de Parfum - Perfume Feminino 100ml,,,WhatsApp Image 2026-06-16 at 13.46.45.jpeg,alta,https://farsabcollection.com/product/grandeur-la-vie-femme-eau-de-parfum-100ml/; https://www.anabis.com/us/Grandeur-La-Vie-Femme.html; https://www.ferwer.com/grandeur-la-vie-femme-eau-de-parfum-for-women,,
grandeur-rose-explosion-edp-100ml,Grandeur,Rose Explosion,,,Eau de Parfum,100,Feminino,Perfume,Grandeur Rose Explosion Eau de Parfum - Perfume Feminino 100ml,,,WhatsApp Image 2026-06-16 at 13.46.48.jpeg,alta,https://lookalyfe.com/products/grandeur-rose-explosion-eau-de-parfum-100ml; https://www.fragrancecastle.com/products/grandeur-rose-explosion-edp-100ml-for-women; https://www.fragrancesquare.co.uk/products/rose-explosion-eau-de-parfum-100ml-by-grandeur-al-wataniah-inspired-by-bombshell,,
maison-alhambra-delilah-blanc-edp-100ml,Maison Alhambra,Delilah,,Blanc,Eau de Parfum,100,Feminino,Perfume,Maison Alhambra Delilah Blanc Eau de Parfum - Perfume Feminino 100ml,,,WhatsApp Image 2026-06-16 at 13.46.49 (1).jpeg,alta,https://www.amazon.com/Maison-Alhambra-Delilah-Blanc-Women/dp/B0DQ8VSNL7; https://www.fragrantica.com/perfume/Maison-Alhambra/Delilah-Blanc-109599.html; https://www.parfumo.com/Perfumes/maison-alhambra/delilah-blanc,,
maison-alhambra-la-rouge-baroque-edp-100ml,Maison Alhambra,La Rouge Baroque,,,Eau de Parfum,100,Feminino,Perfume,Maison Alhambra La Rouge Baroque Eau de Parfum - Perfume Feminino 100ml,,,WhatsApp Image 2026-06-16 at 13.46.49.jpeg,alta,https://www.amazon.com/Baroque-Extrait-Perfume-Maison-Alhambra/dp/B0BKTDG55D; https://www.fragrantica.com/perfume/Maison-Alhambra/Baroque-Rouge-Extrait-94073.html; https://www.parfumo.com/Perfumes/maison-alhambra/la-rouge-baroque-baroque-rouge-540,,
maison-alhambra-the-white-cloud-edp-100ml,Maison Alhambra,The White Cloud,,,Eau de Parfum,100,,Perfume,Maison Alhambra The White Cloud Eau de Parfum - Perfume 100ml,,,WhatsApp Image 2026-06-16 at 13.46.50 (1).jpeg,alta,https://www.amazon.com/Maison-Alhambra-White-Cloud-Long-Lasting/dp/B0G35WQHYM; https://www.fragrantica.com/perfume/Maison-Alhambra/The-White-Cloud-119815.html; https://www.parfumo.com/Perfumes/maison-alhambra/the-white-cloud,,
amaran-uqab-rihla-edp,Amaran,Uqab Rihla,,,Eau de Parfum,100,,Perfume,Amaran Uqab Rihla Eau de Parfum - Perfume 100ml,,,WhatsApp Image 2026-06-16 at 13.46.50.jpeg,alta,Fragrantica; https://www.fragrantica.com/perfume/Amaran/Uqab-Rihla-108260.html,,AMARAN EXCLUSIVE; nome em fonte pequena UQAB / RIHLA | linha Amaran Exclusive; Fragrantica lista Uqab e Uqab Rihla como produtos distintos - texto da caixa mostrava ambas palavras juntas
maison-alhambra-la-vivacite-edp-100ml,Maison Alhambra,La Vivacite,,,Eau de Parfum,100,Feminino,Perfume,Maison Alhambra La Vivacite Eau de Parfum - Perfume Feminino 100ml,,,WhatsApp Image 2026-06-16 at 13.46.52.jpeg,alta,https://www.fragrancenet.com/perfume/maison-alhambra/maison-alhambra-la-vivacite/eau-de-parfum; https://www.fragrantica.com/perfume/Maison-Alhambra/La-Vivacite-100488.html; https://www.intenseoud.com/products/la-vivacite-eau-de-parfum-spray-100ml-3-4-oz-by-maison-alhambra-a-blend-of-juicy-fruits-elegant-florals-and-warm-vanilla,,
ard-al-zaafaran-manaal,Ard Al Zaafaran,Manaal,,,Eau de Parfum,100,,Perfume,Ard Al Zaafaran Manaal Eau de Parfum - Perfume 100ml,,,WhatsApp Image 2026-06-16 at 13.46.53 (1).jpeg,alta,Amazon; ardalzaafaranshop.com; eBay; https://www.fragrantica.com/perfume/Ard-Al-Zaafaran/Manaal-110634.html; https://www.parfumo.com/Perfumes/Ard_Al_Zaafaran/manaal,,"estojo cilindrico verde couro, arabe منال, marca nao visivel"
lattafa-fakhar-black,Lattafa,Fakhar,,Black,Eau de Parfum,100,,Perfume,Lattafa Fakhar Black Eau de Parfum - Perfume 100ml,,,WhatsApp Image 2026-06-16 at 13.46.53 (2).jpeg,alta,Fragrantica; Lattafa-USA; https://www.fragrantica.com/perfume/Lattafa-Perfumes/Fakhar-Black-70465.html; https://www.lattafa-usa.com/products/fakhar-men,,caixa preta placa prata - confirmar se Black/Silver
milestone-perfumes-she-fashion-edp-100ml,Milestone Perfumes,She Fashion,,,Eau de Parfum,100,Feminino,Perfume,Milestone Perfumes She Fashion Eau de Parfum - Perfume Feminino 100ml,,,WhatsApp Image 2026-06-16 at 13.46.53.jpeg,alta,https://arabicperfumeshop.ie/product/milestone-perfumes-she-fashion/; https://kenzz.com/en/product/WPWRNBXGLR3X/MILESTONE-SHE-FASHION-FOR-WOMAN-100-ML-Eau-de-Parfum-Spray-100-ml; https://www.nemeshoperfumes.com/products/she-fashion-by-milestone-eau-de-parfum-3-4-oz-for-women,,
lattafa-fakhar-gold,Lattafa,Fakhar,,Gold,Eau de Parfum,100,,Perfume,Lattafa Fakhar Gold Eau de Parfum - Perfume 100ml,,,WhatsApp Image 2026-06-16 at 13.46.55 (1).jpeg,alta,Amazon; Fragrantica; Walmart; https://www.fragrantica.com/perfume/Lattafa-Perfumes/Tharwah-Gold-82004.html; https://www.lattafa-usa.com/products/tharwah-gold,,caixa dourada - confirmar Gold
french-avenue-liquid-brun,French Avenue,Liquid Brun,,,Eau de Parfum,100,,Perfume,French Avenue Liquid Brun Eau de Parfum - Perfume 100ml,,,WhatsApp Image 2026-06-16 at 13.46.55 (2).jpeg,alta,Fragrantica; Jomashop; french-avenue-parfum.com; https://www.fragrantica.com/perfume/French-Avenue/Liquid-Brun-94713.html; https://www.french-avenue-parfum.com/en/product-2/eau-de-parfum-liquid-brun/,,linha da Fragrance World
lattafa-fakhar-rose,Lattafa,Fakhar,,Rose,Eau de Parfum,100,,Perfume,Lattafa Fakhar Rose Eau de Parfum - Perfume 100ml,,,WhatsApp Image 2026-06-16 at 13.46.55.jpeg,media,Fragrantica; Walmart; https://www.fragrantica.com/perfume/Lattafa-Perfumes/Fakhar-Rose-70466.html,,caixa branca placa rose gold - confirmar Rose/Women | pode ser 'Fakhar' base feminino ou 'Fakhar Rose' - nome mais provavel dado placa rose gold
maison-alhambra-athena-edp,Maison Alhambra,Athena,,,Eau de Parfum,100,Feminino,Perfume,Maison Alhambra Athena Eau de Parfum - Perfume Feminino 100ml,,,WhatsApp Image 2026-06-16 at 13.46.58.jpeg,alta,https://filledwithbarakah.com/products/athena-eau-de-parfum-100ml-by-maison-alhambra; https://frencharabianperfume.com/shop/fragrance/for-her/athena-perfume-100ml-edp-maison-alhambra/; https://www.fragrantica.com/perfume/Maison-Alhambra/Athena-103018.html; https://zaoud.it/products/maison-alhambra-athena,,
armaf-club-de-nuit-oud-parfum,Armaf,Club de Nuit,,Oud,Parfum,105,,Perfume,Armaf Club de Nuit Oud Parfum - Perfume 105ml,,,WhatsApp Image 2026-06-16 at 13.48.28.jpeg,alta,https://armaf.com/products/club-de-nuit-oud; https://www.fragrantica.com/perfume/Armaf/Club-de-Nuit-Oud-88825.html; https://www.walmart.com/ip/Armaf-Club-de-Nuit-Oud-Parfum-3-6-fl-oz-105-mL/6092805294,,
amaran-fanoos-siraj-edp,Amaran,Fanoos Siraj,,,Eau de Parfum,100,,Perfume,Amaran Fanoos Siraj Eau de Parfum - Perfume 100ml,,,WhatsApp Image 2026-06-16 at 13.52.33.jpeg,alta,https://www.fragrantica.com/perfume/Amaran/Fanoos-Siraj-108246.html; https://www.jomashop.com/fanoos-siraj-unisex-edp-100-ml-3-4oz-by-amaran-exclusive-6294019030569.html; https://www.parfumo.com/Perfumes/amaran/fanoos-siraj,,
lattafa-dalal-100ml,Lattafa,Dalal,,,Eau de Parfum,100,Feminino,Perfume,Lattafa Dalal Eau de Parfum - Perfume Feminino 100ml,,,WhatsApp Image 2026-06-16 at 13.52.34 (1).jpeg,alta,https://www.fragrantica.com/perfume/Lattafa-Perfumes/Dalal-119588.html; https://www.lattafa-usa.com/products/dalal,,
asdaaf-ameerat-al-arab-edp-100ml,Asdaaf,Ameerat Al Arab,,,Eau de Parfum,100,Feminino,Perfume,Asdaaf Ameerat Al Arab Eau de Parfum - Perfume Feminino 100ml,,,WhatsApp Image 2026-06-16 at 13.52.34.jpeg,alta,https://lattafa.com/product/ameerat-al-arab/; https://www.fragrantica.com/perfume/Asdaaf/Ameerat-Al-Arab-81376.html; https://www.walmart.com/ip/Asdaaf-Ameerat-Al-Arab-Eau-De-Parfum-Unisex-Fragrance-3-4-Oz-Lattafa/5586802426,,
emper-ryan-turquoise-crescent-pour-femme-80ml,Emper,Ryan Turquoise,,Crescent Pour Femme,Eau de Parfum,80,Feminino,Perfume,Emper Ryan Turquoise Crescent Pour Femme Eau de Parfum - Perfume Feminino 80ml,,,WhatsApp Image 2026-06-16 at 13.52.35 (1).jpeg,alta,Parfumo; https://labelleperfumes.com/products/new-crescent-ryan-turquoise-2-7-oz-edp-for-women; https://www.amazon.com/Emper-Crescent-Ryan-Turquoise-women/dp/B0CFNV45X6; https://www.perfumesbyjs.com/products/emper-crescent-ryan-turquoise-pour-femme-eau-de-parfum-for-women-80-ml; perfumesbyjs.com,,linha CRESCENT no topo; 2.7 fl.oz = 80ml
maison-alhambra-intrude-edp-100ml,Maison Alhambra,Intrude,,,Eau de Parfum,100,,Perfume,Maison Alhambra Intrude Eau de Parfum - Perfume 100ml,,,WhatsApp Image 2026-06-16 at 13.52.35 (2).jpeg,alta,https://www.fragrancenet.com/perfume/maison-alhambra/maison-alhambra-lintrude/eau-de-parfum; https://www.fragrantica.com/perfume/Maison-Alhambra/L-Intrude-93651.html; https://www.perfume.com/maison-alhambra/maison-alhambra-intrude/women-perfume,,
maison-alhambra-delilah-pour-femme-edp-100ml,Maison Alhambra,Delilah,,Pour Femme,Eau de Parfum,100,Feminino,Perfume,Maison Alhambra Delilah Pour Femme Eau de Parfum - Perfume Feminino 100ml,,,WhatsApp Image 2026-06-16 at 13.52.36 (1).jpeg; WhatsApp Image 2026-06-16 at 13.53.00.jpeg,alta,Amazon; FragranceNet; Fragrantica; https://beautyhouse.com/products/maison-alhambra-so-candid-eau-de-parfum-for-women; https://www.fragrantica.com/perfume/Maison-Alhambra/So-Candid-94072.html; https://www.jomashop.com/maison-alhambra-ladies-so-candid-edp-spray-2-8-oz-fragrances-6291108735244.html,,"brasao com leao, marca nao escrita - NAO confundir com Maison Alhambra Delilah Blanc | duplicata de 13.52.36 (1)"
emper-genius-blush-edp-100ml,Emper,Genius Blush,,,Eau de Parfum,100,Feminino,Perfume,Emper Genius Blush Eau de Parfum - Perfume Feminino 100ml,,,WhatsApp Image 2026-06-16 at 13.52.36.jpeg; WhatsApp Image 2026-06-16 at 13.52.57 (1).jpeg,alta,https://ibspot.com/us/products/emper-genius-blush-eau-de-parfum-for-women-3-4-fl-oz; https://www.etsy.com/listing/4494911950/genius-blush-by-emper-perfumes-100ml-eau; https://www.fragrantica.com/perfume/Emper/Genius-Blush-126403.html,,
amaran-kings-queens-ethos-edp-100ml,Amaran,Kings & Queens Ethos,,,Eau de Parfum,100,,Perfume,Amaran Kings & Queens Ethos Eau de Parfum - Perfume 100ml,,,WhatsApp Image 2026-06-16 at 13.52.37 (1).jpeg,alta,https://saharaelixir.com/product/kings-queens-ethos-by-amaran-eau-de-parfum-men/; https://www.amazon.com/Queens-Parfum-Fragrance-Amaran-Luxury/dp/B0F8PFCRS4; https://www.fragrantica.com/perfume/Amaran/Kings-Queens-Ethos-108756.html,,
grandeur-icon-edp-100ml,Grandeur,Icon,,,Eau de Parfum,100,,Perfume,Grandeur Icon Eau de Parfum - Perfume 100ml,,,WhatsApp Image 2026-06-16 at 13.52.37 (2).jpeg,alta,https://filledwithbarakah.com/products/icon-eau-de-parfum-100ml-by-grandeur,,
lattafa-eclaire-edp-100ml,Lattafa,Eclaire,,,Eau de Parfum,100,Feminino,Perfume,Lattafa Eclaire Eau de Parfum - Perfume Feminino 100ml,,,WhatsApp Image 2026-06-16 at 13.52.38 (1).jpeg,alta,https://www.fragrantica.com/perfume/Lattafa-Perfumes/Eclaire-93628.html; https://www.lattafa-usa.com/products/eclaire,,
lattafa-angham-edp-100ml,Lattafa,Angham,,,Eau de Parfum,100,,Perfume,Lattafa Angham Eau de Parfum - Perfume 100ml,,,WhatsApp Image 2026-06-16 at 13.52.38.jpeg,alta,https://www.fragrantica.com/perfume/Lattafa-Perfumes/Angham-96768.html; https://www.lattafa-usa.com/products/angham,,
emper-secrets-of-red-girl-edp-100ml,Emper,Secrets of Red Girl,,,Eau de Parfum,100,Feminino,Perfume,Emper Secrets of Red Girl Eau de Parfum - Perfume Feminino 100ml,,,WhatsApp Image 2026-06-16 at 13.52.39.jpeg,alta,https://emperperfumes.com/product/secrets-of-red-girl/; https://www.fragrancenet.com/perfume/emper/emper-secrets-of-red-girl/eau-de-parfum; https://www.orientfragance.com/en/products/secrets-of-red-girl-100ml-eau-de-parfum-emper-perfumes,,linha SECRET
paris-corner-marshmallow-blush,Paris Corner,Marshmallow Blush,,,Eau de Parfum,100,Feminino,Perfume,Paris Corner Marshmallow Blush Eau de Parfum - Perfume Feminino 100ml,,,WhatsApp Image 2026-06-16 at 13.52.40.jpeg,alta,https://www.amazon.com/Paris-Corner-Marshmallow-Strawberry-Long-Lasting/dp/B0DTJGVJ7W; https://www.fragrantica.com/perfume/PARIS-CORNER/Marshmallow-Blush-102791.html; https://www.pariscornerperfumes.com/products/marshmallow-blush,,
milestone-perfumes-her-bravery-elixir-edp-100ml,Milestone Perfumes,Her Bravery,,Elixir,Eau de Parfum,100,Feminino,Perfume,Milestone Perfumes Her Bravery Elixir Eau de Parfum - Perfume Feminino 100ml,,,WhatsApp Image 2026-06-16 at 13.52.42.jpeg,alta,"Amazon; filledwithbarakah.com; https://arabicperfumeshop.ie/product/milestone-perfumes-bravery-her-elixir/; https://elghazawy.com/en/product/38074270281173/HER+BRAVERY+BY+EMPER+MILESTONE+FOR+WOMEN+EDP,+100ML; https://filledwithbarakah.com/collections/fragrances-for-her/products/her-bravery-eau-de-parfum-100ml-by-milestone-perfumes; iscent.my",,marca nao visivel na frente
amaran-kings-queens-pure-aruba-edp-100ml,Amaran,Kings & Queens Pure Aruba,,,Eau de Parfum,100,,Perfume,Amaran Kings & Queens Pure Aruba Eau de Parfum - Perfume 100ml,,,WhatsApp Image 2026-06-16 at 13.52.43 (1).jpeg,alta,https://hayaatiparfums.com/products/pure-aruba-kings-queens-amaran-100ml; https://www.amazon.com/Queens-Parfum-Floral-amaran-Fragrance/dp/B0F8PG7SDN; https://www.fragrantica.com/perfume/Amaran/Kings-Queens-Pure-Aruba-108763.html,,
milestone-perfumes-her-bravery-edp-100ml,Milestone Perfumes,Her Bravery,,,Eau de Parfum,100,Feminino,Perfume,Milestone Perfumes Her Bravery Eau de Parfum - Perfume Feminino 100ml,,,WhatsApp Image 2026-06-16 at 13.52.43.jpeg,alta,"https://arabicperfumeshop.ie/product/milestone-perfumes-bravery-her-elixir/; https://elghazawy.com/en/product/38074270281173/HER+BRAVERY+BY+EMPER+MILESTONE+FOR+WOMEN+EDP,+100ML; https://filledwithbarakah.com/collections/fragrances-for-her/products/her-bravery-eau-de-parfum-100ml-by-milestone-perfumes",,logo Milestone confirma marca do Her Bravery Elixir
lattafa-layaan,Lattafa,Layaan,,,Eau de Parfum,75,Feminino,Perfume,Lattafa Layaan Eau de Parfum - Perfume Feminino 75ml,,,WhatsApp Image 2026-06-16 at 13.52.45 (1).jpeg,alta,https://www.amazon.com/Lattafa-Layaan-Fruity-Long-Lasting-Fragrance/dp/B0FTQ23764; https://www.fragrantica.com/perfume/Lattafa-Perfumes/Layaan-117123.html; https://www.lattafa-usa.com/products/layaan,,
armaf-club-de-nuit-maleeka-edp-105ml,Armaf,Club de Nuit,,Maleeka,Eau de Parfum,105,Feminino,Perfume,Armaf Club de Nuit Maleeka Eau de Parfum - Perfume Feminino 105ml,,,WhatsApp Image 2026-06-16 at 13.52.45.jpeg,alta,https://armaf.com/products/club-de-nuit-maleka; https://theperfumespot.com/club-de-nuit-maleka-by-armaf-3-4-oz-edp-spray-for-women/; https://www.fragrantica.com/perfume/Armaf/Club-De-Nuit-Maleka-106168.html,,
maison-alhambra-divine-mystique-edp-100ml,Maison Alhambra,Divine Mystique,,,Eau de Parfum,100,Feminino,Perfume,Maison Alhambra Divine Mystique Eau de Parfum - Perfume Feminino 100ml,,,WhatsApp Image 2026-06-16 at 13.52.47 (1).jpeg,media,https://maisonalhambra-usa.com/; https://royalsperfume.com/collections/maison-alhambra-perfumes; https://www.fragrantica.com/designers/Maison-Alhambra.html; https://www.helenaswholesale.co.uk/products/le-chameau-divine-mystique-eau-de-parfum-100ml,,REVISAR: pesquisa nao confirmou 'Divine Mystique' sob a marca Maison Alhambra; existe produto de mesmo nome sob a marca Le Chameau (Emper). Conferir embalagem fisica antes de publicar.
maison-alhambra-chants-tenderina-edp-100ml,Maison Alhambra,Chants Tenderina,,,Eau de Parfum,100,Feminino,Perfume,Maison Alhambra Chants Tenderina Eau de Parfum - Perfume Feminino 100ml,,,WhatsApp Image 2026-06-16 at 13.52.47.jpeg,alta,https://valenciaperfumes.com/products/chants-tenderina-by-maison-alhambra; https://www.fragrancenet.com/fragrances/maison-alhambra/maison-alhambra-chants-tenderina/eau-de-parfum; https://www.fragrantica.com/perfume/Maison-Alhambra/Chants-Tenderina-89034.html,,
orientica-royal-amber-edp,Orientica,Royal Amber,,,Eau de Parfum,80,,Perfume,Orientica Royal Amber Eau de Parfum - Perfume 80ml,,,WhatsApp Image 2026-06-16 at 13.52.49 (1).jpeg,alta,https://www.amazon.com/Orientica-Luxury-Collection-Royal-Parfum/dp/B08NG6T4C6; https://www.fragrantica.com/perfume/Orientica-Premium/Royal-Amber-69362.html; https://www.orienticaperfumes.com/en-us/products/royal-amber,,linha Luxury Collection
orientica-rose-eclat-edp,Orientica,Rose Eclat,,,Eau de Parfum,80,Feminino,Perfume,Orientica Rose Eclat Eau de Parfum - Perfume Feminino 80ml,,,WhatsApp Image 2026-06-16 at 13.52.49.jpeg,alta,https://www.amazon.com/Orientica-Luxury-Collection-Eclat-Parfum/dp/B0FV8WVJ92; https://www.fragrantica.com/perfume/Orientica-Premium/Rose-Eclat-117922.html; https://www.orienticaperfumes.com/en-us/products/luxury-collection-rose-eclat,,linha Luxury Collection
emper-floretta-violeta-edp-100ml,Emper,Floretta Violeta,,,Eau de Parfum,100,Feminino,Perfume,Emper Floretta Violeta Eau de Parfum - Perfume Feminino 100ml,,,WhatsApp Image 2026-06-16 at 13.52.50.jpeg,alta,Wyxloop; emperperfumes.com; https://emperperfume.ae/products/floretta-violeta; https://perfumehut.com.pk/product/emper-floretta-violeta-perfume-100ml/; https://www.amazon.com/Emper-Floretta-Violeta-women-100ML/dp/B0DQ2M543F,,"Floretta pode ser linha e nao marca - validar | Floretta e linha da Emper, nao marca independente"
maison-alhambra-so-candid-rouge-edp-85ml,Maison Alhambra,So Candid,,Rouge,Eau de Parfum,85,Feminino,Perfume,Maison Alhambra So Candid Rouge Eau de Parfum - Perfume Feminino 85ml,,,WhatsApp Image 2026-06-16 at 13.52.52 (1).jpeg,alta,crysperfumaria.com.br; https://www.anabis.com/us/Alhambra-So-Candid-EdP-85ml.html; https://www.fragrantica.com/perfume/Maison-Alhambra/So-Candid-94072.html; https://www.jomashop.com/maison-alhambra-ladies-so-candid-edp-spray-2-8-oz-fragrances-6291108735244.html; pequiperfumes.com.br; perfuboutique.com.ar,,"2.87 FL.OZ = 85ml, texto ml ilegivel"
emper-floretta-fulla-edp-100ml,Emper,Floretta Fulla,,,Eau de Parfum,100,Feminino,Perfume,Emper Floretta Fulla Eau de Parfum - Perfume Feminino 100ml,,,WhatsApp Image 2026-06-16 at 13.52.52.jpeg,alta,Jomashop; emperperfumes.com; https://emperperfume.ae/products/floretta-fulla; https://whlsome.com/products/floretta-fulla-by-emper-eau-de-parfum-for-women-3-4-fl-oz-cherry-strawberry-pineapple-mandarin-orange-caramel-rose-jasmine-patchouli--amber-notes,,
al-wataniah-sabah-al-ward-sugar,Al Wataniah,Sabah Al Ward,,Sugar,Eau de Parfum,100,Feminino,Perfume,Al Wataniah Sabah Al Ward Sugar Eau de Parfum - Perfume Feminino 100ml,,,WhatsApp Image 2026-06-16 at 13.52.53 (1).jpeg,alta,Fragrantica; https://www.fragrantica.com/perfume/Al-Wataniah/Sabah-Al-Ward-Sugar-114360.html; smellsplus.com,,"caixa rosa, palavra Sugar no topo, marca nao visivel"
maison-alhambra-so-candid-pour-femme-edp,Maison Alhambra,So Candid,,Pour Femme,Eau de Parfum,85,Feminino,Perfume,Maison Alhambra So Candid Pour Femme Eau de Parfum - Perfume Feminino 85ml,,,WhatsApp Image 2026-06-16 at 13.52.53.jpeg,alta,https://beautyhouse.com/products/maison-alhambra-so-candid-eau-de-parfum-for-women; https://www.fragrantica.com/perfume/Maison-Alhambra/So-Candid-94072.html; https://www.jomashop.com/maison-alhambra-ladies-so-candid-edp-spray-2-8-oz-fragrances-6291108735244.html,,
lattafa-musamam,Lattafa,Musamam,,,Eau de Parfum,100,,Perfume,Lattafa Musamam Eau de Parfum - Perfume 100ml,,,WhatsApp Image 2026-06-16 at 13.52.55 (1).jpeg,alta,https://lattafa.com/product/musamam/; https://www.fragrantica.com/perfume/Lattafa-Perfumes/Musamam-84720.html,,estojo cilindrico textura python
al-wataniah-sabah-al-ward-delilah,Al Wataniah,Sabah Al Ward,,Delilah,Eau de Parfum,100,Feminino,Perfume,Al Wataniah Sabah Al Ward Delilah Eau de Parfum - Perfume Feminino 100ml,,,WhatsApp Image 2026-06-16 at 13.52.55.jpeg,alta,Facebook; Instagram; TikTok - posts de revendedores confirmando nome+cor roxa; https://www.drogasil.com.br/al-wataniah-sabah-al-ward-delilah-eau-de-parfum-perfume-feminino-100ml-1477665.html; https://www.paguemenos.com.br/al-wataniah-sabah-al-ward-delilah-feminino-eau-de-parfum-1773855a54x346b9/p,,"caixa roxa, subtitulo Delilah; possivel mesma caixa de 13.52.54"
lattafa-atheeri,Lattafa,Atheeri,,,Eau de Parfum,100,,Perfume,Lattafa Atheeri Eau de Parfum - Perfume 100ml,,,WhatsApp Image 2026-06-16 at 13.52.57.jpeg,alta,https://www.fragrantica.com/perfume/Lattafa-Perfumes/Atheeri-105152.html; https://www.lattafa-usa.com/products/atheeri,,
emper-genius-rose-edp-100ml,Emper,Genius Rose,,,Eau de Parfum,100,Feminino,Perfume,Emper Genius Rose Eau de Parfum - Perfume Feminino 100ml,,,WhatsApp Image 2026-06-16 at 13.53.11.jpeg,alta,https://emperperfumes.com/product/genius-rose/; https://www.amazon.com/Generic-Genius-Perfume-Femme-Emper/dp/B0DBNFG6V6; https://www.orientfragance.com/products/genius-rose-100ml-eau-de-parfum-emper-perfumes,,
fragrance-world-vanilla-so-sweet-edp-100ml,Fragrance World,Vanilla So Sweet,,,Eau de Parfum,100,,Perfume,Fragrance World Vanilla So Sweet Eau de Parfum - Perfume 100ml,,,WhatsApp Image 2026-06-16 at 13.53.50.jpeg,alta,https://perfumeoriental.com/products/perfume-vanilla-so-sweet-fragrance-world; https://us.amazon.com/Fragrance-World-Vanilla-Perfume-Version/dp/B0CTXD29SN; https://www.fragrantica.com/perfume/Fragrance-World/Vanilla-So-Sweet-102990.html,,
rasasi-jawaher-edp-100ml,Rasasi,Jawaher,,,Eau de Parfum,100,,Perfume,Rasasi Jawaher Eau de Parfum - Perfume 100ml,,,WhatsApp Image 2026-06-16 at 13.59.47.jpeg,media,Fragrantica; https://www.fragrantica.com/perfume/Rasasi/Jawaher-106979.html; rasasionline.com,,"caixa dourada, marca nao visivel | nome comum usado por varias marcas arabes - Rasasi mais provavel dado 100ml+tema dourado mas sem 100% certeza"
maison-alhambra-leonie-edp-100ml,Maison Alhambra,Leonie,,,Eau de Parfum,100,Feminino,Perfume,Maison Alhambra Leonie Eau de Parfum - Perfume Feminino 100ml,,,WhatsApp Image 2026-06-16 at 13.59.48 (1).jpeg,alta,https://frencharabianperfume.com/shop/fragrance/for-her/leonie-eau-de-parfum-100ml-by-maison-alhambra-for-women/; https://www.amazon.com/Maison-Alhambra-Leonie-Parfum-Spray/dp/B09T27DXB4; https://www.fragrantica.com/perfume/Maison-Alhambra/Leonie-95881.html,,
maison-alhambra-rose-seduction-vip-pour-femme-edp-100ml,Maison Alhambra,Rose Seduction,,VIP Pour Femme,Eau de Parfum,100,Feminino,Perfume,Maison Alhambra Rose Seduction VIP Pour Femme Eau de Parfum - Perfume Feminino 100ml,,,WhatsApp Image 2026-06-16 at 13.59.48.jpeg,alta,https://www.amazon.com/Maison-Alhambra-Rose-Seduction-Women/dp/B0C54424JT; https://www.fragrantica.com/perfume/Maison-Alhambra/Rose-Seduction-Vip-Pour-Femme-95875.html; https://www.intenseoud.com/products/rose-seduction-vip-pour-femme-eau-de-parfum-spray-100ml-3-4-oz-by-maison-alhambra-a-sparkling-blend-of-floral-elegance-with-a-warm-musky-woody-finish,,
lattafa-yara-edp-100ml,Lattafa,Yara,,,Eau de Parfum,100,Feminino,Perfume,Lattafa Yara Eau de Parfum - Perfume Feminino 100ml,,,WhatsApp Image 2026-06-16 at 13.59.49 (1).jpeg,alta,https://www.amazon.com/Yara-Lattafa-Perfumes-Eau-Parfum/dp/B09C8VNWBP; https://www.fragrantica.com/perfume/Lattafa-Perfumes/Yara-76880.html,,caixa rosa claro
lattafa-yara-elixir-edp-100ml,Lattafa,Yara,,Elixir,Eau de Parfum,100,Feminino,Perfume,Lattafa Yara Elixir Eau de Parfum - Perfume Feminino 100ml,,,WhatsApp Image 2026-06-16 at 13.59.49.jpeg,alta,https://theperfumespot.com/yara-elixir-by-lattafa-3-4-oz-edp-spray-for-women/; https://www.fragrantica.com/perfume/Lattafa-Perfumes/Yara-Elixir-117615.html,,caixa rosa escuro
lattafa-yara-tous-edp-100ml,Lattafa,Yara,,Tous,Eau de Parfum,100,Feminino,Perfume,Lattafa Yara Tous Eau de Parfum - Perfume Feminino 100ml,,,WhatsApp Image 2026-06-16 at 13.59.50.jpeg,alta,https://www.fragrantica.com/perfume/Lattafa-Perfumes/Yara-Tous-83320.html; https://www.lattafa-usa.com/products/yara-tous,,caixa laranja
lattafa-berry-on-top-give-me-gourmand-edp-75ml,Lattafa,Berry on Top Give Me Gourmand,,,Eau de Parfum,75,Feminino,Perfume,Lattafa Berry on Top Give Me Gourmand Eau de Parfum - Perfume Feminino 75ml,,,WhatsApp Image 2026-06-16 at 13.59.51 (1).jpeg,alta,https://www.fragrantica.com/perfume/Lattafa-Perfumes/Berry-On-Top-114395.html; https://www.lattafa-usa.com/products/berry-on-top,,
lattafa-mayar-natural-intense,Lattafa,Mayar,,Natural Intense,Eau de Parfum,100,Feminino,Perfume,Lattafa Mayar Natural Intense Eau de Parfum - Perfume Feminino 100ml,,,WhatsApp Image 2026-06-16 at 13.59.51 (2).jpeg,alta,https://www.fragrantica.com/perfume/Lattafa-Perfumes/Mayar-Natural-Intense-89759.html; https://www.lattafa-usa.com/products/mayar-natural-intense,,estojo cilindrico turquesa
lattafa-mallow-madness-give-me-gourmand-edp-75ml,Lattafa,Mallow Madness Give Me Gourmand,,,Eau de Parfum,75,Feminino,Perfume,Lattafa Mallow Madness Give Me Gourmand Eau de Parfum - Perfume Feminino 75ml,,,WhatsApp Image 2026-06-16 at 13.59.51.jpeg,alta,https://theperfumespot.com/mallow-madness-give-me-gourmand-by-lattafa-2-53oz-edp-spray-women/; https://www.fragrantica.com/perfume/Lattafa-Perfumes/Mallow-Maddnes-114396.html; https://www.lattafa-usa.com/products/mallow-madness,,
lattafa-mayar-cherry-intense,Lattafa,Mayar,,Cherry Intense,Eau de Parfum,100,Feminino,Perfume,Lattafa Mayar Cherry Intense Eau de Parfum - Perfume Feminino 100ml,,,WhatsApp Image 2026-06-16 at 13.59.52.jpeg,alta,https://www.fragrantica.com/perfume/Lattafa-Perfumes/Mayar-Cherry-Intense-99872.html; https://www.lattafa-usa.com/products/mayar-cherry-intense,,estojo cilindrico bordo
aurora-scents-cherry-in-the-woods,Aurora Scents,Cherry in the Woods,,,Eau de Parfum,100,,Perfume,Aurora Scents Cherry in the Woods Eau de Parfum - Perfume 100ml,,,WhatsApp Image 2026-06-16 at 13.59.53 (1).jpeg,alta,https://aurorascents.com/products/aurora-scents-cherry-in-the-woods-eau-de-parfum-for-unisex-100ml; https://www.fragrantica.com/perfume/Aurora-Scents/Cherry-in-The-Woods-105690.html; https://www.parfumo.com/Perfumes/aurora-scents/cherry-in-the-woods,,
mawwal-arabia-basir,Mawwal Arabia,Basir,,,Eau de Parfum,100,,Perfume,Mawwal Arabia Basir Eau de Parfum - Perfume 100ml,,,WhatsApp Image 2026-06-16 at 13.59.53 (2).jpeg,alta,Fragrantica; Instagram; https://duzan.com.br/produtos/basir-mawwal-arabia-eau-de-parfum-100ml/; https://www.fragrantica.com/perfume/Mawwal-Arabia/Basir-106597.html; mawwal.com,,selo dourado BASIR + mawwal
asdaaf-raneen,Asdaaf,Raneen,,,Eau de Parfum,100,Feminino,Perfume,Asdaaf Raneen Eau de Parfum - Perfume Feminino 100ml,,,WhatsApp Image 2026-06-16 at 13.59.53 (3).jpeg,alta,https://www.amazon.com/Lattafa-Asdaaf-Raneen-Women-Parfum/dp/B0DYWSBHM6; https://www.fragrantica.com/perfume/Asdaaf/Raneen-106906.html; https://www.lattafa-usa.com/products/raneen,,
lattafa-mayar,Lattafa,Mayar,,,Eau de Parfum,100,Feminino,Perfume,Lattafa Mayar Eau de Parfum - Perfume Feminino 100ml,,,WhatsApp Image 2026-06-16 at 13.59.53.jpeg,alta,https://www.amazon.com/Mayar-EDP-flowers-Vanilla-Perfumes/dp/B0B2MSX869; https://www.fragrantica.com/perfume/Lattafa-Perfumes/Mayar-84309.html,,estojo cilindrico rosa - versao original
french-avenue-veneno-bianco,French Avenue,Veneno Bianco,,,Eau de Parfum,100,,Perfume,French Avenue Veneno Bianco Eau de Parfum - Perfume 100ml,,,WhatsApp Image 2026-06-16 at 13.59.54 (1).jpeg,alta,https://emiratesfragrance.com/products/french-avenue-veneno-bianco-for-unisex-eau-de-parfum-100ml; https://www.anabis.com/us/French-Avenue-Veneno-Bianco-EdP-100ml.html; https://www.fragrantica.com/perfume/French-Avenue/Veneno-Bianco-105518.html,,
nasma-nisrine-edp-100ml,Nasma,Nisrine,,,Eau de Parfum,100,Feminino,Perfume,Nasma Nisrine Eau de Parfum - Perfume Feminino 100ml,,,WhatsApp Image 2026-06-16 at 13.59.54 (2).jpeg,alta,https://pcdesignperfumes.com/product/edp-nasma-nisrine-women-100ml/; https://www.perfume-empire.com/products/nisrine-by-nasma-perfume-for-women-edp-3-3-3-4-oz-new-in-box; pcdesignperfumes.com; perfume-empire.com,,"caixa vermelha/dourada, marca nao visivel"
lattafa-queen-of-arabia-edp-100ml,Lattafa,Queen of Arabia,,,Eau de Parfum,100,Feminino,Perfume,Lattafa Queen of Arabia Eau de Parfum - Perfume Feminino 100ml,,,WhatsApp Image 2026-06-16 at 13.59.54.jpeg,alta,https://www.fragrantica.com/perfume/Lattafa-Perfumes/Queen-Of-Arabia-113075.html; https://www.parfumo.com/Perfumes/lattafa-pride/queen-of-arabia,,linha Lattafa Pride
lattafa-her-confessions-edp,Lattafa,Her Confessions,,,Eau de Parfum,100,Feminino,Perfume,Lattafa Her Confessions Eau de Parfum - Perfume Feminino 100ml,,,WhatsApp Image 2026-06-16 at 13.59.55 (1).jpeg,alta,https://www.jeansmellgood.com/products/lattafa-her-confessions-eau-de-parfum-3-4-oz; https://www.lattafa-usa.com/products/her-confession,,"foto com sombra, volume ilegivel"
armaf-infinity-edp,Armaf,Infinity,,,Eau de Parfum,105,,Perfume,Armaf Infinity Eau de Parfum - Perfume 105ml,,,WhatsApp Image 2026-06-16 at 13.59.55 (2).jpeg,alta,https://armaf.com/products/infinity-spr-1; https://armafperfume.com/products/armaf-infinity-silver-edp-105ml; https://www.amazon.com/Armaf-Infinity-Parfum-Spray-Ounce/dp/B0DQP3ZNY6,,
lattafa-tharwah-gold-edp-100ml,Lattafa,Tharwah,,Gold,Eau de Parfum,100,,Perfume,Lattafa Tharwah Gold Eau de Parfum - Perfume 100ml,,,WhatsApp Image 2026-06-16 at 13.59.55.jpeg,alta,https://www.fragrantica.com/perfume/Lattafa-Perfumes/Tharwah-Gold-82004.html; https://www.lattafa-usa.com/products/tharwah-gold,,linha Lattafa Pride
lattafa-nebras,Lattafa,Nebras,,,Eau de Parfum,100,,Perfume,Lattafa Nebras Eau de Parfum - Perfume 100ml,,,WhatsApp Image 2026-06-16 at 13.59.56.jpeg,alta,https://www.fragrantica.com/perfume/Lattafa-Perfumes/Nebras-78560.html; https://www.lattafa-usa.com/products/nebras,,linha Lattafa Pride
l-affair-alora-extrait,L'Affair,Alora,,,Extrait de Parfum,100,Feminino,Perfume,L'Affair Alora Extrait de Parfum - Perfume Feminino 100ml,,,WhatsApp Image 2026-06-16 at 13.59.57 (1).jpeg,media,Fragrantica; TikTok; https://casadosperfumesimportados.com.br/produtos/alora-laffair-perfume-feminino-extrait-1b92y/; https://gleeperfumaria.com.br/produtos/alora-laffair-100ml-11sd3/; shop.app,,"ALORA em destaque + L'AFFAIR; definir qual e marca | CUIDADO: existe tambem Alora da Ard Al Zaafaran (produto diferente, notas diferentes). Visual (Extrait de Parfum, subtitulo L'AFFAIR) bate melhor com L'Affair, vendido como dupe de La Bomba (Carolina Herrera)"
lattafa-yara-candy-edp-100ml,Lattafa,Yara,,Candy,Eau de Parfum,100,Feminino,Perfume,Lattafa Yara Candy Eau de Parfum - Perfume Feminino 100ml,,,WhatsApp Image 2026-06-16 at 13.59.57 (2).jpeg,alta,https://lattafa.com/product/yara-candy/; https://www.fragrantica.com/perfume/Lattafa-Perfumes/Yara-Candy-95752.html,,
lattafa-afeef,Lattafa,Afeef,,,Eau de Parfum,100,,Perfume,Lattafa Afeef Eau de Parfum - Perfume 100ml,,,WhatsApp Image 2026-06-16 at 13.59.57 (3).jpeg,alta,https://beautyhouse.com/products/lattafa-afeef-eau-de-parfum-for-everyone; https://fragrantvilla.com/products/lattafa-afeef-for-unisex-eau-de-parfum-spray-3-4-oz-100-ml-fragrance-peach; https://oudware.com/products/lattafa-afeef-eau-de-parfum-100ml-3-4-fl-oz-a-timeless-unisex-fragrance-1; https://www.fragrantica.com/perfume/Lattafa-Perfumes/Afeef-100126.html,,
lattafa-dream-of-haze-edp-100ml,Lattafa,Dream of Haze,,,Eau de Parfum,100,,Perfume,Lattafa Dream of Haze Eau de Parfum - Perfume 100ml,,,WhatsApp Image 2026-06-16 at 13.59.57.jpeg,alta,https://perfumebox.com/products/mc-ldohze; https://www.fragrantica.com/perfume/Lattafa-Perfumes/Dream-Of-Haze-113173.html; https://www.parfumo.com/Perfumes/lattafa-pride/dream-of-haze,,linha Lattafa Pride
victoria-s-secret-velvet-petals-250ml-body-splash,Victoria's Secret,Velvet Petals,,,Body Splash,250,Feminino,Body Splash,Victoria's Secret Velvet Petals Body Splash - Body Splash Feminino 250ml,,,WhatsApp Image 2026-06-16 at 14.03.00.jpeg,alta,https://www.fragrantica.com/perfume/Victoria-s-Secret/Velvet-Petals-56837.html; https://www.levanitte.com.br/body-splash-velvet-petals-victorias-secret-250ml; https://www.studiobeautyecoperfumaria.com.br/produtos/victorias-secret-velvet-petals-body-splash-250ml/,,
victoria-s-secret-pure-seduction-shimmer-250ml-body-splash,Victoria's Secret,Pure Seduction,,Shimmer,Body Splash,250,Feminino,Body Splash,Victoria's Secret Pure Seduction Shimmer Body Splash - Body Splash Feminino 250ml,,,WhatsApp Image 2026-06-16 at 14.03.01 (1).jpeg,alta,https://www.amazon.com/Victoria-Secret-Victorias-Seduction-Shimmer/dp/B00BU7CTWO; https://www.belezanaweb.com.br/mp247321-body-splash-pure-seduction-shimmer-250ml-victorias-secret/; https://www.fragrantica.com/perfume/Victoria-s-Secret/Pure-Seduction-7989.html,,
victoria-s-secret-pure-seduction-shimmer-236ml-hidratante,Victoria's Secret,Pure Seduction,,Shimmer,Body Splash,236,Feminino,Hidratante,Victoria's Secret Pure Seduction Shimmer Body Splash - Hidratante Feminino 236ml,,,WhatsApp Image 2026-06-16 at 14.03.01.jpeg,alta,https://www.amazon.com/Victoria-Secret-Victorias-Seduction-Shimmer/dp/B00BU7CTWO; https://www.belezanaweb.com.br/mp247321-body-splash-pure-seduction-shimmer-250ml-victorias-secret/; https://www.fragrantica.com/perfume/Victoria-s-Secret/Pure-Seduction-7989.html,,
victoria-s-secret-coconut-passion-shimmer-250ml-body-splash,Victoria's Secret,Coconut Passion,,Shimmer,Body Splash,250,Feminino,Body Splash,Victoria's Secret Coconut Passion Shimmer Body Splash - Body Splash Feminino 250ml,,,WhatsApp Image 2026-06-16 at 14.03.02 (1).jpeg,alta,https://incidecoder.com/products/victorias-secret-coconut-passion-shimmer-fragrance-mist; https://www.belezanaweb.com.br/mp127778-coconut-passion-shimmer-victorias-secret-fragrance-body-mist-spray-250ml/; https://www.belezanaweb.com.br/mp245779-body-splash-coconut-passion-shimmer-250ml-victorias-secret/,,
victoria-s-secret-temptation-236ml-hidratante,Victoria's Secret,Temptation,,,Body Splash,236,Feminino,Hidratante,Victoria's Secret Temptation Body Splash - Hidratante Feminino 236ml,,,WhatsApp Image 2026-06-16 at 14.03.02 (2).jpeg,alta,https://www.blossperfumaria.com.br/produtos/victorias-secret-temptation-body-splash-250ml/; https://www.drogasil.com.br/victoria-s-secret-temptation-body-splash-751240.html; https://www.fragrantica.com/perfume/Victoria-s-Secret/Temptation-42993.html,,
victoria-s-secret-coconut-passion-shimmer-236ml-hidratante,Victoria's Secret,Coconut Passion,,Shimmer,Body Splash,236,Feminino,Hidratante,Victoria's Secret Coconut Passion Shimmer Body Splash - Hidratante Feminino 236ml,,,WhatsApp Image 2026-06-16 at 14.03.02.jpeg,alta,https://incidecoder.com/products/victorias-secret-coconut-passion-shimmer-fragrance-mist; https://www.belezanaweb.com.br/mp127778-coconut-passion-shimmer-victorias-secret-fragrance-body-mist-spray-250ml/; https://www.belezanaweb.com.br/mp245779-body-splash-coconut-passion-shimmer-250ml-victorias-secret/,,
victoria-s-secret-coconut-passion-236ml-hidratante,Victoria's Secret,Coconut Passion,,,Body Splash,236,Feminino,Hidratante,Victoria's Secret Coconut Passion Body Splash - Hidratante Feminino 236ml,,,WhatsApp Image 2026-06-16 at 14.03.04 (1).jpeg,alta,https://www.belezanaweb.com.br/mp84837-kit-coconut-passion-creme-hidratante-body-splash-victorias-secret/; https://www.condessacosmeticos.com.br/body-splash-coconut-passion-250ml-victorias-secret; https://www.victoriassecret.com/us/vs/beauty-catalog/5000011041/-/a/generic-11259203-choice-3336/fragrance-mist-warm,,
victoria-s-secret-temptation-250ml-body-splash,Victoria's Secret,Temptation,,,Body Splash,250,Feminino,Body Splash,Victoria's Secret Temptation Body Splash - Body Splash Feminino 250ml,,,WhatsApp Image 2026-06-16 at 14.03.04.jpeg,alta,https://www.blossperfumaria.com.br/produtos/victorias-secret-temptation-body-splash-250ml/; https://www.drogasil.com.br/victoria-s-secret-temptation-body-splash-751240.html; https://www.fragrantica.com/perfume/Victoria-s-Secret/Temptation-42993.html,,
victoria-s-secret-temptation-shimmer-236ml-hidratante,Victoria's Secret,Temptation,,Shimmer,Loção Hidratante Perfumada,236,Feminino,Hidratante,Victoria's Secret Temptation Shimmer Loção Hidratante Perfumada - Hidratante Feminino 236ml,,,WhatsApp Image 2026-06-16 at 14.03.05 (1).jpeg,alta,https://www.cintiaperfumes.com.br/Creme-Hidratante-Victorias-Secret-Temptation-Shimmer-236ml; https://www.fragrantica.com/perfume/Victoria-s-Secret/Temptation-42993.html; https://www.importsjcstore.com.br/produtos/hidratante-victoria-secrets-236ml-temptation-shimmer/,,
victoria-s-secret-amber-romance-shimmer-250ml-body-splash,Victoria's Secret,Amber Romance,,Shimmer,Fragrance Mist,250,Feminino,Body Splash,Victoria's Secret Amber Romance Shimmer Fragrance Mist - Body Splash Feminino 250ml,,,WhatsApp Image 2026-06-16 at 14.03.05 (2).jpeg,alta,https://www.fragrantica.com/perfume/Victoria-s-Secret/Amber-Romance-67704.html; https://www.parfumo.com/Perfumes/Victoria_s_Secret/Amber_Romance_Fragrance_Mist; https://www.victoriassecret.com/us/vs/beauty-catalog/5000011043/-/a/generic-11267002-choice-0037/shimmer-fragrance-mist-warm,,
victoria-s-secret-coconut-passion-250ml-body-splash,Victoria's Secret,Coconut Passion,,,Body Splash,250,Feminino,Body Splash,Victoria's Secret Coconut Passion Body Splash - Body Splash Feminino 250ml,,,WhatsApp Image 2026-06-16 at 14.03.05.jpeg,alta,https://www.belezanaweb.com.br/mp84837-kit-coconut-passion-creme-hidratante-body-splash-victorias-secret/; https://www.condessacosmeticos.com.br/body-splash-coconut-passion-250ml-victorias-secret; https://www.victoriassecret.com/us/vs/beauty-catalog/5000011041/-/a/generic-11259203-choice-3336/fragrance-mist-warm,,
victoria-s-secret-bare-vanilla-250ml-body-splash,Victoria's Secret,Bare Vanilla,,,Loção Hidratante Perfumada,250,Feminino,Body Splash,Victoria's Secret Bare Vanilla Loção Hidratante Perfumada - Body Splash Feminino 250ml,,,WhatsApp Image 2026-06-16 at 14.03.06 (1).jpeg,alta,https://www.condessacosmeticos.com.br/produto/hidratante-corporal-bare-vanilla-236ml-victorias-secret.html; https://www.cosmeticosdaray.com.br/produto/hidratante-corporal-bare-vanilla-victorias-secrets-236ml.html; https://www.fragrantica.com/perfume/Victoria-s-Secret/Bare-Vanilla-56836.html; https://www.walmart.com/ip/Victoria-s-Secret-Bare-Vanilla-Fragrance-Body-Lotion-8-oz/5429262803,,
v-s-secrets-of-romance-sexy-vanilla-shimmer-250ml-body-splash,V.S. Secrets of Romance,Sexy Vanilla,,Shimmer,,250,Feminino,Body Splash,V.S. Secrets of Romance Sexy Vanilla Shimmer - Body Splash Feminino 250ml,,,WhatsApp Image 2026-06-16 at 14.03.06 (2).jpeg,alta,https://www.fragrantica.com/perfume/Victoria-s-Secret/Bare-Vanilla-Shimmer-89093.html; https://www.victoriassecret.com/us/vs/beauty/mists,,MARCA DIFERENTE de Victoria's Secret - rotulo V.S. Secrets of Romance
victoria-s-secret-bare-vanilla-236ml-hidratante,Victoria's Secret,Bare Vanilla,,,Loção Hidratante Perfumada,236,Feminino,Hidratante,Victoria's Secret Bare Vanilla Loção Hidratante Perfumada - Hidratante Feminino 236ml,,,WhatsApp Image 2026-06-16 at 14.03.06.jpeg,alta,https://www.condessacosmeticos.com.br/produto/hidratante-corporal-bare-vanilla-236ml-victorias-secret.html; https://www.cosmeticosdaray.com.br/produto/hidratante-corporal-bare-vanilla-victorias-secrets-236ml.html; https://www.fragrantica.com/perfume/Victoria-s-Secret/Bare-Vanilla-56836.html; https://www.walmart.com/ip/Victoria-s-Secret-Bare-Vanilla-Fragrance-Body-Lotion-8-oz/5429262803,,
v-s-secrets-of-romance-velvet-flowers-shimmer-250ml-body-splash,V.S. Secrets of Romance,Velvet Flowers,,Shimmer,,250,Feminino,Body Splash,V.S. Secrets of Romance Velvet Flowers Shimmer - Body Splash Feminino 250ml,,,WhatsApp Image 2026-06-16 at 14.03.07.jpeg,alta,https://www.fragrantica.com/perfume/Victoria-s-Secret/Velvet-Petals-Shimmer-53388.html; https://www.victoriassecret.com/us/vs/beauty/mists,,
victoria-s-secret-velvet-petals-236ml-hidratante,Victoria's Secret,Velvet Petals,,,Body Splash,236,Feminino,Hidratante,Victoria's Secret Velvet Petals Body Splash - Hidratante Feminino 236ml,,,WhatsApp Image 2026-06-16 at 14.03.09.jpeg,alta,https://www.fragrantica.com/perfume/Victoria-s-Secret/Velvet-Petals-56837.html; https://www.levanitte.com.br/body-splash-velvet-petals-victorias-secret-250ml; https://www.studiobeautyecoperfumaria.com.br/produtos/victorias-secret-velvet-petals-body-splash-250ml/,,
lattafa-eclaire-perfume-mist,Lattafa,Eclaire,,,Eau de Parfum,100,Feminino,Perfume Mist,Lattafa Eclaire Eau de Parfum - Perfume Mist Feminino 100ml,,,WhatsApp Image 2026-06-16 at 14.04.17 (1).jpeg,alta,https://www.fragrantica.com/perfume/Lattafa-Perfumes/Eclaire-93628.html; https://www.lattafa-usa.com/products/eclaire,,
lattafa-haya-perfume-mist,Lattafa,Haya,,,Perfume Mist,250,Feminino,Perfume Mist,Lattafa Haya Perfume Mist - Perfume Mist Feminino 250ml,,,WhatsApp Image 2026-06-16 at 14.04.17.jpeg,alta,https://www.fragrantica.com/perfume/Lattafa-Perfumes/Haya-Mist-122869.html; https://www.lattafa-usa.com/products/haya-perfume-mist,,
lattafa-mayar-natural-intense-perfume-mist,Lattafa,Mayar,,Natural Intense,Eau de Parfum,100,Feminino,Perfume Mist,Lattafa Mayar Natural Intense Eau de Parfum - Perfume Mist Feminino 100ml,,,WhatsApp Image 2026-06-16 at 14.04.18 (1).jpeg,alta,https://www.fragrantica.com/perfume/Lattafa-Perfumes/Mayar-Natural-Intense-89759.html; https://www.lattafa-usa.com/products/mayar-natural-intense,,
lattafa-bade-e-al-oud-noble-blush-perfume-mist,Lattafa,Bade'e Al Oud,,Noble Blush,Perfume Mist,250,,Perfume Mist,Lattafa Bade'e Al Oud Noble Blush Perfume Mist - Perfume Mist 250ml,,,WhatsApp Image 2026-06-16 at 14.04.18 (2).jpeg,alta,https://www.fragrantica.com/perfume/Lattafa-Perfumes/Badee-Al-Oud-Noble-Blush-122812.html; https://www.lattafa-usa.com/products/noble-blush-perfume-mist,,
lattafa-angham-perfume-mist,Lattafa,Angham,,,Eau de Parfum,100,,Perfume Mist,Lattafa Angham Eau de Parfum - Perfume Mist 100ml,,,WhatsApp Image 2026-06-16 at 14.04.18.jpeg,alta,https://www.fragrantica.com/perfume/Lattafa-Perfumes/Angham-96768.html; https://www.lattafa-usa.com/products/angham,,
brand-collection-no-238-edp-25ml,Brand Collection,No. 238,,,Eau de Parfum,25,,Perfume,Brand Collection No. 238 Eau de Parfum - Perfume 25ml,,,WhatsApp Image 2026-06-16 at 14.04.19 (1).jpeg,alta,https://www.lamsperfumes.com.br/n-238-parfum-brand-collection-25ml-perfume-feminino; https://www.perfumebrandcollection.com.br/brand-collection-238-idole-25ml; https://www.vitrinedosperfumes.com.br/produtos/brand-collection-238-inspiracao-idole-tradicional-25-ml/,,
brand-collection-no-027-edp-25ml,Brand Collection,No. 027,,,Eau de Parfum,25,,Perfume,Brand Collection No. 027 Eau de Parfum - Perfume 25ml,,,WhatsApp Image 2026-06-16 at 14.04.19 (2).jpeg,alta,https://www.calliperfumaria.com.br/produtos/brand-collection-n-027-inspiracao-hypnotic-poison-25ml/; https://www.fragrantica.com/perfume/Dior/Hypnotic-Poison-219.html; https://www.perfumebrandcollection.com.br/brand-collection-027-toxic-red-feminino-25ml,,
brand-collection-no-373-queen-edp-25ml,Brand Collection,No. 373,,Queen,Eau de Parfum,25,,Perfume,Brand Collection No. 373 Queen Eau de Parfum - Perfume 25ml,,,WhatsApp Image 2026-06-16 at 14.04.19 (3).jpeg,alta,https://www.brandcollectionsp.com.br/feminino; https://www.fragrantica.com/perfume/Dolce-Gabbana/Q-by-Dolce-Gabbana-78873.html,,
lattafa-mayar-cherry-intense-perfume-mist,Lattafa,Mayar,,Cherry Intense,Eau de Parfum,100,Feminino,Perfume Mist,Lattafa Mayar Cherry Intense Eau de Parfum - Perfume Mist Feminino 100ml,,,WhatsApp Image 2026-06-16 at 14.04.19.jpeg,alta,https://www.fragrantica.com/perfume/Lattafa-Perfumes/Mayar-Cherry-Intense-99872.html; https://www.lattafa-usa.com/products/mayar-cherry-intense,,
brand-collection-no-235-edp-25ml,Brand Collection,No. 235,,,Eau de Parfum,25,,Perfume,Brand Collection No. 235 Eau de Parfum - Perfume 25ml,,,WhatsApp Image 2026-06-16 at 14.04.20 (1).jpeg,alta,https://luxuryofparfum.com.br/produto/brand-collection-235-inspiracao-bvlgari-rose-goldea-blossom-delight-25ml/; https://www.lamsperfumes.com.br/n-235-parfum-brand-collection-25ml-perfume-feminino; https://www.perfumebrandcollection.com.br/brand-collection-235-bvlgari-rose-25ml,,
brand-collection-no-378-edp-25ml,Brand Collection,No. 378,,,Eau de Parfum,25,,Perfume,Brand Collection No. 378 Eau de Parfum - Perfume 25ml,,,WhatsApp Image 2026-06-16 at 14.04.20.jpeg,alta,https://www.danimariaparfum.com.br/perfume-inspiracao/perfume-brand-collection-378-inspiracao-fame-blooming-pink-25-ml; https://www.fragrantica.com/perfume/Rabanne/Fame-Blooming-Pink-79469.html; https://www.perfumebrandcollection.com.br/brand-collection-378-blooming-pink-feminino-25ml,,
brand-collection-no-342-miss-rose-edp-25ml,Brand Collection,No. 342,,Miss Rose,Eau de Parfum,25,,Perfume,Brand Collection No. 342 Miss Rose Eau de Parfum - Perfume 25ml,,,WhatsApp Image 2026-06-16 at 14.04.22.jpeg,alta,https://www.esmalteriadanicassiano.com.br/perfume-brand-342-inspiracao-miss-dior-rose-feminino-brand-collection-25ml-p18914; https://www.fragrantica.com/perfume/Dior/Miss-Dior-Rose-Essence-73762.html; https://www.perfumebrandcollection.com.br/brand-collection-342-miss-rose-feminino-25ml,,
brand-collection-no-012-edp-25ml,Brand Collection,No. 012,,,Eau de Parfum,25,,Perfume,Brand Collection No. 012 Eau de Parfum - Perfume 25ml,,,WhatsApp Image 2026-06-16 at 14.04.23.jpeg,alta,https://www.cheromeuperfumaria.com/perfumes-femininos/brand-collection-012-inspiracao-la-vie-est-belle-lancome; https://www.fragrantica.com/perfume/Lancome/La-Vie-Est-Belle-14982.html; https://www.perfumebrandcollection.com.br/brand-collection-012-beautiful-life-beauti-brand-feminino-25ml; https://www.perfumebrandcollection.com.br/brand-collection-g-012-la-vie-est-belle-feminino-80ml,,
brand-collection-no-246-edp-25ml,Brand Collection,No. 246,,,Eau de Parfum,25,,Perfume,Brand Collection No. 246 Eau de Parfum - Perfume 25ml,,,WhatsApp Image 2026-06-16 at 14.04.25 (1).jpeg,alta,https://www.calliperfumaria.com.br/produtos/brand-collection-n-246-inspiracao-burberry-her-25ml/; https://www.florenciaperfume.com.br/30-brand-collection-246-inspiracao-burberry-her-feminino-25-ml-eau-de-parfum; https://www.perfumebrandcollection.com.br/brand-collection-246-her-burberry-feminino-25ml,,
brand-collection-no-283-star-novae-edp-25ml,Brand Collection,No. 283,,Star Novae,Eau de Parfum,25,,Perfume,Brand Collection No. 283 Star Novae Eau de Parfum - Perfume 25ml,,,WhatsApp Image 2026-06-16 at 14.04.25.jpeg,alta,https://www.brandcollectionatacado.com.br/brand-collection-283-nova-angel-feminino-25ml/; https://www.brandcollectionsp.com.br/283-angel-rosa-brandcollection; https://www.mugler.com/fragrance/womens-fragrances/angel/angel-nova/M020604168.html; https://www.puraessenciastore.com.br/produtos/perfume-feminino-brand-collection-283-inspiracao-angel-nova-25ml/,,
brand-collection-no-080-angel-secret-edp-25ml,Brand Collection,No. 080,,Angel Secret,Eau de Parfum,25,,Perfume,Brand Collection No. 080 Angel Secret Eau de Parfum - Perfume 25ml,,,WhatsApp Image 2026-06-16 at 14.04.27.jpeg,alta,https://shopee.com.br/Perfume-Brand-Collection-N.080-Feminino-_-Angel-ou-D%C3%A9mon-Le-Secret-i.768000954.23896856067; https://www.fragrantica.com/perfume/Givenchy/Ange-Ou-Demon-Le-Secret-6529.html; https://www.perfumebrandcollection.com.br/brand-collection-080-ange-or-demon-le-secret-25ml,,
rabanne-1-million-edt,Rabanne,1 Million,,,Eau de Toilette,100,Masculino,Perfume,Rabanne 1 Million Eau de Toilette - Perfume Masculino 100ml,,,WhatsApp Image 2026-06-16 at 14.07.32 (1).jpeg,alta,https://www.belezanaweb.com.br/one-million-rabanne-eau-de-toilette-perfume-masculino-100ml?from=loucas; https://www.fragrantica.com/perfume/Rabanne/1-Million-3747.html; https://www.rabanne.com/us/en_US/fragrance/p/1-million--000000000065135969,,
valentino-uomo-born-in-roma-coral-fantasy-edt,Valentino,Uomo Born in Roma,,Coral Fantasy,Eau de Toilette,100,Masculino,Perfume,Valentino Uomo Born in Roma Coral Fantasy Eau de Toilette - Perfume Masculino 100ml,,,WhatsApp Image 2026-06-16 at 14.07.33 (1).jpeg,alta,https://www.fragrantica.com/perfume/Valentino/Valentino-Uomo-Born-In-Roma-Coral-Fantasy-71761.html; https://www.ulta.com/p/uomo-born-in-roma-coral-fantasy-eau-de-toilette-pimprod2032199; https://www.valentino-beauty.us/fragrances/fragrances-men/fragrances-men-born-in-roma-coral/born-in-roma-uomo-coral-fantasy-eau-de-toilette-MPL01750.html,,
sabrina-carpenter-sweet-tooth-caramel-dream-edp-75ml,Sabrina Carpenter,Sweet Tooth,,Caramel Dream,Eau de Parfum,75,Feminino,Perfume,Sabrina Carpenter Sweet Tooth Caramel Dream Eau de Parfum - Perfume Feminino 75ml,,,WhatsApp Image 2026-06-16 at 14.07.33 (2).jpeg,alta,https://fragrancebysabrina.com/products/caramel-dream-eau-de-parfum-new; https://www.amazon.com/SCENT-BEAUTY-Sabrina-Carpenter-Perfume/dp/B0CCQJ43HD; https://www.fragrantica.com/perfume/Sabrina-Carpenter/Sweet-Tooth-Caramel-Dream-84095.html,,
giorgio-armani-acqua-di-gio-edt-100ml,Giorgio Armani,Acqua di Gio,,,Eau de Toilette,100,Masculino,Perfume,Giorgio Armani Acqua di Gio Eau de Toilette - Perfume Masculino 100ml,,,WhatsApp Image 2026-06-16 at 14.07.33.jpeg,alta,https://www.fragrantica.com/perfume/Giorgio-Armani/Acqua-di-Gio-410.html; https://www.giorgioarmanibeauty-usa.com/fragrances/mens-cologne/acqua-di-gio/acqua-di-gio-eau-de-toilette/A005.html; https://www.realmenrealstyle.com/best-acqua-di-gio-fragrances/,,refillable
sabrina-carpenter-sweet-tooth-cherry-baby-edp-75ml,Sabrina Carpenter,Sweet Tooth,,Cherry Baby,Eau de Parfum,75,Feminino,Perfume,Sabrina Carpenter Sweet Tooth Cherry Baby Eau de Parfum - Perfume Feminino 75ml,,,WhatsApp Image 2026-06-16 at 14.07.34 (1).jpeg,alta,https://www.amazon.com/SCENT-BEAUTY-Sabrina-Carpenter-Cherry/dp/B0DB684GZ6; https://www.fragrantica.com/perfume/Sabrina-Carpenter/Sweet-Tooth-Cherry-Baby-95861.html; https://www.parfumo.com/Perfumes/sabrina-carpenter/sweet-tooth-cherry-baby-eau-de-parfum,,
lancome-la-vie-est-belle-edp-100ml,Lancome,La Vie Est Belle,,,L'Eau de Parfum,100,Feminino,Perfume,Lancome La Vie Est Belle L'Eau de Parfum - Perfume Feminino 100ml,,,WhatsApp Image 2026-06-16 at 14.07.34 (2).jpeg,alta,https://www.fragrantica.com/perfume/Lancome/La-Vie-Est-Belle-14982.html; https://www.lancome-usa.com/fragrance/fragrance-by-collection/la-vie-est-belle/la-vie-est-belle-eau-de-parfum/100606.html; https://www.lancome.com.br/perfume-feminino-la-vie-est-belle-eau-de-parfum/LABR00027-LAC.html,,
sabrina-carpenter-sweet-tooth-edp-75ml,Sabrina Carpenter,Sweet Tooth,,,Eau de Parfum,75,Feminino,Perfume,Sabrina Carpenter Sweet Tooth Eau de Parfum - Perfume Feminino 75ml,,,WhatsApp Image 2026-06-16 at 14.07.34.jpeg,alta,Buckle.com; Fragrantica; https://fragrancebysabrina.com/products/caramel-dream-eau-de-parfum-new; https://www.amazon.com/SCENT-BEAUTY-Sabrina-Carpenter-Perfume/dp/B0CCQJ43HD; https://www.fragrantica.com/perfume/Sabrina-Carpenter/Sweet-Tooth-Caramel-Dream-84095.html,,"caixa rosa claro - nome da variante nao visivel na face frontal | frasco rosa claro = versao original (2022) sem sufixo de flanker, distinto de Caramel Dream/Cherry Baby/Lemon Pie"
carolina-herrera-212-vip-rose-nyc-212-cab-limited-edition-edp-80ml,Carolina Herrera,212 VIP Rose NYC,,212 CAB Limited Edition,Eau de Parfum,80,Feminino,Perfume,Carolina Herrera 212 VIP Rose NYC 212 CAB Limited Edition Eau de Parfum - Perfume Feminino 80ml,,,WhatsApp Image 2026-06-16 at 14.07.35 (1).jpeg,alta,https://www.belezanaweb.com.br/212-vip-rose-carolina-herrera-eau-de-parfum-perfume-feminino-80ml/; https://www.belezanaweb.com.br/loucas-por-beleza/resenha-perfume-212-vip-rose-cab-carolina-herrera-edp/; https://www.carolinaherrera.com/us/en/p-fragrance/212-vip-rose-cab-limited-edition,,
carolina-herrera-212-sexy-edp-100ml,Carolina Herrera,212 Sexy,,,Eau de Parfum,100,Feminino,Perfume,Carolina Herrera 212 Sexy Eau de Parfum - Perfume Feminino 100ml,,,WhatsApp Image 2026-06-16 at 14.07.35.jpeg,alta,https://www.belezanaweb.com.br/212-sexy-carolina-herrera-eau-de-parfum-perfume-feminino-60ml/; https://www.epocacosmeticos.com.br/212-sexy-eau-de-parfum-carolina-herrera-perfume-feminino/p; https://www.fragrantica.com/perfume/Carolina-Herrera/212-Sexy-306.html,,
carolina-herrera-good-girl-very-edp-80ml,Carolina Herrera,Good Girl,,Very,Eau de Parfum,80,Feminino,Perfume,Carolina Herrera Good Girl Very Eau de Parfum - Perfume Feminino 80ml,,,WhatsApp Image 2026-06-16 at 14.07.36 (1).jpeg,alta,https://www.carolinaherrera.com/us/en/p-fragrance/very-good-girl; https://www.fragrantica.com/perfume/Carolina-Herrera/Very-Good-Girl-65560.html; https://www.sephora.com.br/very-good-girl-carolina-herrera-eau-de-parfum-9090542352-9090542352.html,,nome comercial oficial: Very Good Girl
carolina-herrera-good-girl-jasmine-absolute-edp-absolute-80ml,Carolina Herrera,Good Girl,,Jasmine Absolute,Eau de Parfum Absolute,80,Feminino,Perfume,Carolina Herrera Good Girl Jasmine Absolute Eau de Parfum Absolute - Perfume Feminino 80ml,,,WhatsApp Image 2026-06-16 at 14.07.36 (2).jpeg,alta,https://www.carolinaherrera.com/us/en/p-fragrance/goodgirl-jasmine-absolute; https://www.fragrantica.com/perfume/Carolina-Herrera/Good-Girl-Jasmine-Absolute-120291.html,,
carolina-herrera-good-girl-blush-edp-80ml,Carolina Herrera,Good Girl,,Blush,Eau de Parfum,80,Feminino,Perfume,Carolina Herrera Good Girl Blush Eau de Parfum - Perfume Feminino 80ml,,,WhatsApp Image 2026-06-16 at 14.07.36.jpeg,alta,https://www.carolinaherrera.com/us/en/p-fragrance/good-girl-blush; https://www.fragrantica.com/perfume/Carolina-Herrera/Good-Girl-Blush-78576.html; https://www.sephora.com.br/perfume-carolina-herrera-good-girl-blush-feminino-eau-de-parfum-33990494-33990494.html; https://www.sephora.com/product/good-girl-blush-eau-de-parfum-P504996,,
dior-j-adore-edp,Dior,J'adore,,,Eau de Parfum,50,Feminino,Perfume,Dior J'adore Eau de Parfum - Perfume Feminino 50ml,,,WhatsApp Image 2026-06-16 at 14.07.37 (1).jpeg,alta,https://www.dior.com/en_us/beauty/fragrance/womens-fragrance/j%E2%80%99adore; https://www.fragrantica.com/perfume/Dior/J-adore-210.html; https://www.sephora.com.br/j-adore-feminino-eau-de-parfum-202-15587.html; https://www.thescentbase.com/perfumes/dior/j-adore,,
carolina-herrera-good-girl-edp-50ml,Carolina Herrera,Good Girl,,,Eau de Parfum,50,Feminino,Perfume,Carolina Herrera Good Girl Eau de Parfum - Perfume Feminino 50ml,,,WhatsApp Image 2026-06-16 at 14.07.37.jpeg,alta,https://www.carolinaherrera.com/us/en/p-fragrance/good-girl-eau-de-parfum; https://www.epocacosmeticos.com.br/good-girl-eau-de-parfum-carolina-herrera-perfume-feminino/p; https://www.fragrantica.com/perfume/Carolina-Herrera/Good-Girl-39681.html,,
princesse-marina-de-bourbon-classique-edp-100ml,Princesse Marina de Bourbon,Classique,,,Eau de Parfum,100,Feminino,Perfume,Princesse Marina de Bourbon Classique Eau de Parfum - Perfume Feminino 100ml,,,WhatsApp Image 2026-06-16 at 14.07.38.jpeg,alta,https://www.drogaraia.com.br/perfume-marina-de-bourbon-classique-eau-de-parfum-feminino-100-ml-844935.html; https://www.fragrantica.com/perfume/Princesse-Marina-De-Bourbon/Marina-De-Bourbon-1502.html; https://www.marinadebourbon.com/en/products/marina-classic,,
princesse-marina-de-bourbon-rouge-royal-edp-100ml,Princesse Marina de Bourbon,Rouge Royal,,,Eau de Parfum,100,Feminino,Perfume,Princesse Marina de Bourbon Rouge Royal Eau de Parfum - Perfume Feminino 100ml,,,WhatsApp Image 2026-06-16 at 14.07.39.jpeg,alta,https://www.americanas.com.br/produto/7329014; https://www.marinadebourbon.com/en/products/rouge-royal; https://www.viaparisperfumes.com.br/feminino/rouge-royal-marina-de-bourbon-eau-de-parfum-feminino-100-ml,,
dolce-gabbana-light-blue-edt,Dolce & Gabbana,Light Blue,,,Eau de Toilette,100,Feminino,Perfume,Dolce & Gabbana Light Blue Eau de Toilette - Perfume Feminino 100ml,,,WhatsApp Image 2026-06-16 at 14.07.42.jpeg,alta,https://www.dolcegabbana.com/en-us/beauty/perfumes-for-her/light-blue/light-blue-eau-de-toilette---VT01JMVT0009V000.html; https://www.sephora.com.br/perfume-light-blue-feminino-dolce-gabbana-eau-de-toilette-prd01236-8411.html; https://www.sephora.com/product/light-blue-P12420,,volume ilegivel
jean-paul-gaultier-scandal-intense-edp-intense-50ml,Jean Paul Gaultier,Scandal,,Intense,Eau de Parfum Intense,50,Feminino,Perfume,Jean Paul Gaultier Scandal Intense Eau de Parfum Intense - Perfume Feminino 50ml,,,WhatsApp Image 2026-06-16 at 14.07.44 (1).jpeg,alta,https://www.fragrantica.com/perfume/Jean-Paul-Gaultier/Scandal-Intense-102883.html; https://www.parfumla.com/for-her/3107-jean-paul-gaultier-scandal-intense-eau-de-parfum-80ml.html; https://www.parfumo.com/Perfumes/Jean_Paul_Gaultier/scandal-intense,,
nina-ricci-venus-edp-80ml,Nina Ricci,Venus,,,Eau de Parfum,80,Feminino,Perfume,Nina Ricci Venus Eau de Parfum - Perfume Feminino 80ml,,,WhatsApp Image 2026-06-16 at 14.07.44.jpeg,alta,https://www.belezanaweb.com.br/venus-nina-ricci-eau-de-parfum-perfume-feminino-80ml/; https://www.fragrantica.com/perfume/Nina-Ricci/Venus-97458.html; https://www.ninaricci.com/en-us/fragrance/product/venus-de-nina-ricci-eau-de-parfum,,refillable
jean-paul-gaultier-scandal-le-parfum-edp-intense-50ml,Jean Paul Gaultier,Scandal,,Le Parfum,Eau de Parfum Intense,50,Feminino,Perfume,Jean Paul Gaultier Scandal Le Parfum Eau de Parfum Intense - Perfume Feminino 50ml,,,WhatsApp Image 2026-06-16 at 14.07.46 (1).jpeg,alta,https://www.belezanaweb.com.br/scandal-jean-paul-gaultier-le-parfum-perfume-feminino-50ml/; https://www.jeanpaulgaultier.com/us/en_US/p/range-scandal/scandal-le-parfum-eau-de-parfum-intense-000000000065168249; https://www.sephora.com.br/perfume-jean-paul-gaultier-scandal-le-parfum-feminino-eau-de-parfum-intense-9090617945-44994977.html,,
lancome-idole-power-edp-intense,Lancome,Idole,,Power,L'Eau de Parfum Intense,100,Feminino,Perfume,Lancome Idole Power L'Eau de Parfum Intense - Perfume Feminino 100ml,,,WhatsApp Image 2026-06-16 at 14.07.46.jpeg,alta,https://www.belezanaweb.com.br/idole-power-lancome-eau-de-parfum-intense-perfume-feminino-100ml/; https://www.fragrantica.com/news/LANCOME-Idole-Power-Eau-de-Parfum-Intense-21731.html; https://www.lancome-usa.com/fragrance/fragrance-by-collection/idole/idole-power-eau-de-parfum-intense/01100-LAC.html,,
paco-rabanne-fame-parfum,Paco Rabanne,Fame,,,Parfum,80,Feminino,Perfume,Paco Rabanne Fame Parfum - Perfume Feminino 80ml,,,WhatsApp Image 2026-06-16 at 14.07.47.jpeg,alta,https://www.fragrantica.com/perfume/Rabanne/Fame-Parfum-83498.html; https://www.rabanne.com/us/en_US/fragrance/p/fame-parfum--000000000065188743; https://www.walmart.com/ip/Paco-Rabanne-Fame-Parfum-Rechargeable-Refillable-80-ml-2-7-oz/5165952281,,refillable
yves-saint-laurent-libre-edp,Yves Saint Laurent,Libre,,,Eau de Parfum,90,Feminino,Perfume,Yves Saint Laurent Libre Eau de Parfum - Perfume Feminino 90ml,,,WhatsApp Image 2026-06-16 at 14.07.48 (1).jpeg,alta,https://www.belezanaweb.com.br/yves-saint-laurent/libre/; https://www.fragrantica.com/perfume/Yves-Saint-Laurent/Libre-56077.html; https://www.sephora.com.br/perfume-yves-saint-laurent-libre-feminino-eau-de-parfum-prd44555-17998.html; https://www.yslbeautyus.com/fragrance/womens-fragrances/libre/libre-eau-de-parfum/109YSL.html,,
burberry-goddess-edp,Burberry,Goddess,,,Eau de Parfum,100,Feminino,Perfume,Burberry Goddess Eau de Parfum - Perfume Feminino 100ml,,,WhatsApp Image 2026-06-16 at 14.07.48.jpeg,alta,https://www.belezanaweb.com.br/goddess-burberry-eau-de-parfum-perfume-feminino-100ml/; https://www.epocacosmeticos.com.br/goddess-burberry-perfume-feminino-eau-de-parfum/p; https://www.fragrantica.com/perfume/Burberry/Goddess-83483.html; https://www.sephora.com.br/perfume-burberry-goddess-feminino-eau-de-parfum-88991116-88991116.html,,
dior-hypnotic-poison,Dior,Hypnotic Poison,,,Eau de Toilette,50,Feminino,Perfume,Dior Hypnotic Poison Eau de Toilette - Perfume Feminino 50ml,,,WhatsApp Image 2026-06-16 at 14.07.50.jpeg,alta,https://www.belezanaweb.com.br/hypnotic-poison-dior-eau-de-toilette-perfume-feminino-50ml/; https://www.fragrantica.com/perfume/Dior/Hypnotic-Poison-219.html; https://www.sephora.com.br/perfume-dior-hypnotic-poison-feminino-eau-de-toilette-prd00201-PRD00201.html,,concentracao ilegivel na foto
rabanne-olympea-parfum-intense,Rabanne,Olympea,,,Parfum Intense,80,Feminino,Perfume,Rabanne Olympea Parfum Intense - Perfume Feminino 80ml,,,WhatsApp Image 2026-06-16 at 14.07.51.jpeg,alta,https://www.fragrantica.com/perfume/Rabanne/Olympea-31666.html; https://www.rabanne.com/us/en_US/fragrance/p/olympea--000000000065187140; https://www.sephora.com.br/perfume-olympea-feminino-rabanne-eau-de-parfum-prd20976-8497.html,,
rabanne-olympea-edp,Rabanne,Olympea,,,Eau de Parfum,80,Feminino,Perfume,Rabanne Olympea Eau de Parfum - Perfume Feminino 80ml,,,WhatsApp Image 2026-06-16 at 14.07.52.jpeg,alta,https://www.fragrantica.com/perfume/Rabanne/Olympea-31666.html; https://www.rabanne.com/us/en_US/fragrance/p/olympea--000000000065187140; https://www.sephora.com.br/perfume-olympea-feminino-rabanne-eau-de-parfum-prd20976-8497.html,,
calvin-klein-euphoria-edp-100ml,Calvin Klein,Euphoria,,,Eau de Parfum,100,Feminino,Perfume,Calvin Klein Euphoria Eau de Parfum - Perfume Feminino 100ml,,,WhatsApp Image 2026-06-16 at 14.07.53 (1).jpeg,alta,https://www.belezanaweb.com.br/euphoria-calvin-klein-eau-de-parfum-perfume-feminino/; https://www.calvinklein.us/en/women/fragrance/fragrance/euphoria-eau-de-parfum/088300162505.html; https://www.fragrantica.com/perfume/Calvin-Klein/Euphoria-253.html; https://www.sephora.com.br/perfume-euphoria-feminino-eau-de-parfum-100-ml-215318.html,,
burberry-her-edp-intense-100ml,Burberry,Her,,,Eau de Parfum Intense,100,Feminino,Perfume,Burberry Her Eau de Parfum Intense - Perfume Feminino 100ml,,,WhatsApp Image 2026-06-16 at 14.07.53.jpeg,alta,https://us.burberry.com/burberry-her-eau-de-parfum-intense-100ml-p40848111; https://www.fragrantica.com/perfume/Burberry/Her-Intense-2024-101151.html; https://www.sephora.com.br/perfume-burberry-her-feminino-9090756303-9090756303.html; https://www.sephora.com/product/her-intense-P514694,,
prada-paradoxe-edp-90ml,Prada,Paradoxe,,,Eau de Parfum,90,Feminino,Perfume,Prada Paradoxe Eau de Parfum - Perfume Feminino 90ml,,,WhatsApp Image 2026-06-16 at 14.07.54 (1).jpeg,alta,https://www.fragrantica.com/perfume/Prada/Prada-Paradoxe-75668.html; https://www.prada-beauty.com/fragrance/paradoxe/paradoxe-eau-de-parfum/MPL01610.html; https://www.sephora.com.br/perfume-prada-paradoxe-feminino-eau-de-parfum-9090620857-9090620857.html,,
yves-saint-laurent-mon-paris-edp-90ml,Yves Saint Laurent,Mon Paris,,,Eau de Parfum,90,Feminino,Perfume,Yves Saint Laurent Mon Paris Eau de Parfum - Perfume Feminino 90ml,,,WhatsApp Image 2026-06-16 at 14.07.54.jpeg,alta,https://www.fragrantica.com/perfume/Yves-Saint-Laurent/Mon-Paris-38914.html; https://www.nordstrom.com/s/yves-saint-laurent-mon-paris-eau-de-parfum-fragrance/4414958; https://www.yslbeauty.com/int/monparis.html,,3 fl.oz = 90ml
valentino-donna-born-in-roma-edp-100ml,Valentino,Donna Born in Roma,,,Eau de Parfum,100,Feminino,Perfume,Valentino Donna Born in Roma Eau de Parfum - Perfume Feminino 100ml,,,WhatsApp Image 2026-06-16 at 14.07.56 (1).jpeg,alta,https://www.fragrantica.com/perfume/Valentino/Valentino-Donna-Born-In-Roma-55805.html; https://www.ulta.com/p/donna-born-in-roma-eau-de-parfum-pimprod2016295; https://www.valentino-beauty.us/fragrances/fragrances-women/fragrances-women-born-in-roma/born-in-roma-donna-eau-de-parfum-MPL00468.html,,
valentino-donna-born-in-roma-intense-edp-intense-100ml,Valentino,Donna Born in Roma,,Intense,Eau de Parfum Intense,100,Feminino,Perfume,Valentino Donna Born in Roma Intense Eau de Parfum Intense - Perfume Feminino 100ml,,,WhatsApp Image 2026-06-16 at 14.07.56.jpeg,alta,https://www.fragrantica.com/perfume/Valentino/Valentino-Donna-Born-In-Roma-Intense-78739.html; https://www.macys.com/shop/product/valentino-donna-born-in-roma-intense-eau-de-parfum-fragrance-collection?ID=15647481; https://www.valentino.com/en-us/product-born-in-roma-intense-eau-de-parfum-spray-100ml-8LD890200_000,,
montblanc-signature-edp,Montblanc,Signature,,,Eau de Parfum,90,Feminino,Perfume,Montblanc Signature Eau de Parfum - Perfume Feminino 90ml,,,WhatsApp Image 2026-06-16 at 14.07.59 (1).jpeg,alta,https://www.belezanaweb.com.br/signature-montblanc-eau-de-parfum-perfume-feminino-90ml/; https://www.fragrantica.com/perfume/Montblanc/Signature-60962.html; https://www.montblanc.com/en-us/montblanc-signature-eau-de-parfum-90-ml-MB127068.html,,
giorgio-armani-my-way-edp,Giorgio Armani,My Way,,,Eau de Parfum,50,Feminino,Perfume,Giorgio Armani My Way Eau de Parfum - Perfume Feminino 50ml,,,WhatsApp Image 2026-06-16 at 14.07.59 (2).jpeg,alta,https://www.armani.com.br/perfume-my-way-eau-de-parfum-50-ml-giorgio-armani-lb402500-nlp-50ml/p; https://www.giorgioarmanibeauty-usa.com/-fragrances-womens-fragrances-perfume-my-way-my-way-eau-de-parfum-the-new-feminine-fragrance/A2259.html; https://www.sephora.com.br/perfume-giorgio-armani-my-way-feminino-eau-de-parfum-prd48689-PRD48689.html,,
dior-miss-dior-edp,Dior,Miss Dior,,,Eau de Parfum,100,Feminino,Perfume,Dior Miss Dior Eau de Parfum - Perfume Feminino 100ml,,,WhatsApp Image 2026-06-16 at 14.07.59.jpeg,alta,https://www.fragrantica.com/perfume/Dior/Miss-Dior-Eau-de-Parfum-2021-68905.html; https://www.sephora.com.br/perfume-dior-miss-dior-feminino-eau-de-parfum-33330399-564564.html,,
carolina-herrera-la-bomba-edp-50ml,Carolina Herrera,La Bomba,,,Eau de Parfum,50,Feminino,Perfume,Carolina Herrera La Bomba Eau de Parfum - Perfume Feminino 50ml,,,WhatsApp Image 2026-06-16 at 14.08.01.jpeg,alta,https://www.carolinaherrera.com/us/en/p-fragrance/labomba; https://www.fragrantica.com/perfume/Carolina-Herrera/La-Bomba-105931.html; https://www.sephora.com/product/la-bomba-eau-de-parfum-P520202,,refillable
victoria-s-secret-tease-250ml-hidratante,Victoria's Secret,Tease,,,Loção Hidratante Perfumada,250,Feminino,Hidratante,Victoria's Secret Tease Loção Hidratante Perfumada - Hidratante Feminino 250ml,,,WhatsApp Image 2026-06-16 at 14.08.02.jpeg,alta,https://www.fragrantica.com/perfume/Victoria-s-Secret/Tease-Eau-de-Parfum-50825.html; https://www.kaory.com.br/hidratante-victorias-secret-tease-fragrance-lotion-250ml-original; https://www.naudiaperfumaria.com.br/hidratante-corporal-tease-fragrance-lotion-victorias-secret-250ml,,Fine Fragrance Lotion
victoria-s-secret-bombshell-intense-250ml-hidratante,Victoria's Secret,Bombshell,,Intense,Loção Hidratante Perfumada,250,Feminino,Hidratante,Victoria's Secret Bombshell Intense Loção Hidratante Perfumada - Hidratante Feminino 250ml,,,WhatsApp Image 2026-06-16 at 14.08.04 (1).jpeg,alta,https://www.cosmeticosdaray.com.br/produto/hidratante-corporal-bombshell-intense-victorias-secret-250ml; https://www.fragrantica.com/perfume/Victoria-s-Secret/Bombshell-Intense-56355.html; https://www.rosaperfumesnp.com.br/bombshell-intense-body-lotion-corporal-victoria-s-secret-fine-fragrance-250ml,,Fine Fragrance Lotion
victoria-s-secret-tease-edp-50ml,Victoria's Secret,Tease,,,Eau de Parfum,50,Feminino,Perfume,Victoria's Secret Tease Eau de Parfum - Perfume Feminino 50ml,,,WhatsApp Image 2026-06-16 at 14.08.04.jpeg,alta,https://www.fragrantica.com/perfume/Victoria-s-Secret/Tease-Eau-de-Parfum-50825.html; https://www.kaory.com.br/hidratante-victorias-secret-tease-fragrance-lotion-250ml-original; https://www.naudiaperfumaria.com.br/hidratante-corporal-tease-fragrance-lotion-victorias-secret-250ml,,
victoria-s-secret-bombshell-intense-edp,Victoria's Secret,Bombshell,,Intense,Eau de Parfum,250,Feminino,Perfume,Victoria's Secret Bombshell Intense Eau de Parfum - Perfume Feminino 250ml,,,WhatsApp Image 2026-06-16 at 14.08.05.jpeg,alta,https://www.cosmeticosdaray.com.br/produto/hidratante-corporal-bombshell-intense-victorias-secret-250ml; https://www.fragrantica.com/perfume/Victoria-s-Secret/Bombshell-Intense-56355.html; https://www.rosaperfumesnp.com.br/bombshell-intense-body-lotion-corporal-victoria-s-secret-fine-fragrance-250ml,,
montblanc-signature-elixir-edp-90ml,Montblanc,Signature,,Elixir,Eau de Parfum,90,Feminino,Perfume,Montblanc Signature Elixir Eau de Parfum - Perfume Feminino 90ml,,,WhatsApp Image 2026-06-16 at 14.08.07.jpeg,alta,https://www.fragrantica.com/perfume/Montblanc/Signature-Elixir-114008.html; https://www.montblanc.com/en-us/montblanc-signature-elixir-edp-90ml-MB134817.html,,
sistelle-sanderling-shine-blooming-edition-edp-95ml,Sistelle,Sanderling Shine,,Blooming Edition,Eau de Parfum,95,Feminino,Perfume,Sistelle Sanderling Shine Blooming Edition Eau de Parfum - Perfume Feminino 95ml,,,WhatsApp Image 2026-06-16 at 14.09.25.jpeg,alta,https://maisondesfragrances.fr/en/products/sistelle-sanderling-shine-blooming-edition-95ml-perfume; https://www.beautybase.com/sistelle-sanderling-shine-blooming-edition-eau-de-parfum-95ml-spray-p81828,,
rabanne-million-gold-for-her-edp,Rabanne,Million Gold For Her,,,Eau de Parfum,90,Feminino,Perfume,Rabanne Million Gold For Her Eau de Parfum - Perfume Feminino 90ml,,,WhatsApp Image 2026-06-16 at 14.09.42.jpeg,alta,https://www.rabanne.com/us/en_US/fragrance/p/million-gold-for-her--000000000065200302; https://www.sephora.com.br/perfume-rabanne-million-gold-for-her-feminino-eau-de-parfum-9090739223-9090739223.html; https://www.ulta.com/p/million-gold-her-eau-de-parfum-pimprod2049534?sku=2633408,,refillable
armaf-club-de-nuit-woman-edp-105ml,Armaf,Club de Nuit,,Woman,Eau de Parfum,105,Feminino,Perfume,Armaf Club de Nuit Woman Eau de Parfum - Perfume Feminino 105ml,,,WhatsApp Image 2026-06-16 at 13.52.35.jpeg,alta,https://armaf.com/products/club-de-nuit-w; https://armafperfume.com/products/armaf_club_de_nuit_eau_de_parfum_for_woman_105ml; https://www.fragrantica.com/perfume/Armaf/Club-de-Nuit-Woman-27655.html,,
rabanne-1-million-elixir-parfum-intense,Rabanne,1 Million,,Elixir,Parfum Intense,100,Masculino,Perfume,Rabanne 1 Million Elixir Parfum Intense - Perfume Masculino 100ml,,,WhatsApp Image 2026-06-16 at 14.07.32.jpeg,alta,https://www.belezanaweb.com.br/one-million-rabanne-eau-de-toilette-perfume-masculino-100ml?from=loucas; https://www.fragrantica.com/perfume/Rabanne/1-Million-3747.html; https://www.rabanne.com/us/en_US/fragrance/p/1-million--000000000065135969,,
